First Name,Last Name,Email
Paul,Mejia,Paul@hotmail.com
Herman,Finley,Herman@gmail.com
Richard,Harmon,Richard@gmail.com
Igor,Conley,Igor@gmail.com
Connor,Riddle,Connor@gmail.com
Erich,Benton,Erich@yahoo.com
Giacomo,Rosario,Giacomo@gmail.com
Ivan,Fischer,Ivan@gmail.com
Raja,Bright,Raja@gmail.com
Oleg,Cameron,Oleg@gmail.com
Harrison,Branch,Harrison@gmail.com
Hu,Day,Hu@gmail.com
Ferris,Murray,Ferris@gmail.com
Malcolm,Shields,Malcolm@gmail.com
Maxwell,Owens,Maxwell@gmail.com
Stuart,Bullock,Stuart@gmail.com
Brock,Chen,Brock@gmail.com
Lester,Dorsey,Lester@gmail.com
Omar,Rios,Omar@gmail.com
Kennedy,Dickson,Kennedy@gmail.com
Tate,Ferguson,Tate@gmail.com
Evan,Ortega,Evan@gmail.com
Hall,Gillespie,Hall@gmail.com
Kenneth,Heath,Kenneth@yahoo.com
Uriah,Gates,Uriah@yahoo.com
Kyle,Spears,Kyle@gmail.com
Tobias,Farrell,Tobias@msn.com
Preston,Mcmillan,Preston@gmail.com
Quinn,Carey,Quinn@gmail.com
Arthur,Henson,Arthur@gmail.com
Tiger,Espinoza,Tiger@gmail.com
Ivan,Kim,Ivan@gmail.com
Curran,Lewis,Curran@gmail.com
Jackson,Sellers,Jackson@gmail.com
Josiah,Church,Josiah@yahoo.com
Kermit,Boyle,Kermit@gmail.com
Griffin,Colon,Griffin@gmail.com
Jermaine,Weiss,Jermaine@gmail.com
Oleg,Kline,Oleg@gmail.com
Isaac,Hamilton,Isaac@gmail.com
Eagan,Oneill,Eagan@gmail.com
Zephania,Lyons,Zephania@gmail.com
Ignatius,Best,Ignatius@gmail.com
Hop,Hatfield,Hop@gmail.com
Thomas,Calderon,Thomas@gmail.com
Brandon,Carney,Brandon@gmail.com
Fritz,Waters,Fritz@gmail.com
Mohammad,Schneider,Mohammad@gmail.com
Kirk,Torres,Kirk@gmail.com
Randall,Booker,Randall@gmail.com
Chancellor,Kirk,Chancellor@gmail.com
Duncan,Booth,Duncan@gmail.com
Malcolm,Jenkins,Malcolm@gmail.com
Robert,Richmond,Robert@gmail.com
Lee,Hayes,Lee@gmail.com
Acton,Rojas,Acton@gmail.com
Noble,Chan,Noble@gmail.com
Ignatius,Mcmillan,Ignatius@msn.com
Hilel,Barnett,Hilel@hotmail.com
Thomas,Olsen,Thomas@msn.com
Wade,Bowers,Wade@gmail.com
Hector,Wooten,Hector@gmail.com
Keefe,Harris,Keefe@gmail.com
Ezekiel,Peck,Ezekiel@gmail.com
Bevis,Avery,Bevis@gmail.com
Chandler,Glass,Chandler@gmail.com
Aladdin,Rice,Aladdin@gmail.com
Carlos,Roberts,Carlos@gmail.com
Arsenio,Walker,Arsenio@gmail.com
Rajah,Lloyd,Rajah@gmail.com
Basil,Holder,Basil@gmail.com
Armand,Ewing,Armand@gmail.com
Keaton,Cantu,Keaton@gmail.com
Ferdinand,Wolf,Ferdinand@gmail.com
Berk,Carlson,Berk@gmail.com
Julian,Cross,Julian@gmail.com
Dalton,Middleton,Dalton@gmail.com
Micah,Cortez,Micah@gmail.com
Ryan,Cummings,Ryan@gmail.com
Basil,Murphy,Basil@gmail.com
Dalton,Kline,Dalton@gmail.com
Xander,Byers,Xander@gmail.com
Ishmael,Warner,Ishmael@hotmail.com
Preston,Valencia,Preston@gmail.com
Mark,Rowe,Mark@gmail.com
Kennan,Michael,Kennan@gmail.com
Amery,Barton,Amery@gmail.com
Tarik,Sparks,Tarik@gmail.com
Jakeem,Cameron,Jakeem@gmail.com
Griffin,Byrd,Griffin@gmail.com
Keaton,Estrada,Keaton@gmail.com
Otto,Orr,Otto@gmail.com
Wyatt,Ferrell,Wyatt@gmail.com
Eagan,Reilly,Eagan@gmail.com
Hasad,Bartlett,Hasad@gmail.com
Denton,Mercado,Denton@gmail.com
Nissim,Bailey,Nissim@gmail.com
Berk,Beck,Berk@gmail.com
Dylan,Bowman,Dylan@gmail.com
Zeus,Hayden,Zeus@msn.com
Vernon,Black,Vernon@gmail.com
Gregory,Rowland,Gregory@gmail.com
Uriel,Hickman,Uriel@hotmail.com
Matthew,Schultz,Matthew@gmail.com
Ryan,Blanchard,Ryan@gmail.com
Uriah,Chan,Uriah@yahoo.com
Colton,Bird,Colton@gmail.com
Brennan,Lee,Brennan@gmail.com
